analysis_tier,metric,operator,horizon,estimand,mean,ci95_low,ci95_high,n_queries
full_policy,ndcg10,anchored,4,representation_H3abs,0.012341558547303972,0.010520045422113912,0.014241244148619053,1726
full_policy,ndcg10,anchored,4,search_H3abs,-0.0019114189613936641,-0.0032836848937705934,-0.0005384074418254536,1726
full_policy,ndcg10,anchored,4,representation_minus_search_H3abs,0.014252977508697634,0.012256018810201679,0.0163065526294895,1726
full_policy,ndcg10,anchored,8,representation_H3abs,0.003607524808014722,0.002937887760776378,0.004283087480554856,1726
full_policy,ndcg10,anchored,8,search_H3abs,-0.0010685254053757808,-0.001600183139956249,-0.0005505510153551611,1726
full_policy,ndcg10,anchored,8,representation_minus_search_H3abs,0.004676050213390503,0.0039589953644795,0.00540477494847803,1726
full_policy,ndcg10,recursive,4,representation_H3abs,0.01300745485211202,0.010200941005998974,0.015760193369530492,1726
full_policy,ndcg10,recursive,4,search_H3abs,-0.0035895247298014152,-0.005716156731417052,-0.0014822522876732915,1726
full_policy,ndcg10,recursive,4,representation_minus_search_H3abs,0.016596979581913435,0.01359799130672881,0.01957830080573623,1726
full_policy,ndcg10,recursive,8,representation_H3abs,0.0009093556588994708,-0.0004764883117250712,0.0022676029337648103,1726
full_policy,ndcg10,recursive,8,search_H3abs,-0.003964055591435363,-0.0051797893767648135,-0.0027683800692179608,1726
full_policy,ndcg10,recursive,8,representation_minus_search_H3abs,0.004873411250334833,0.003390772970254413,0.006352954032744441,1726
full_policy,mrr10,anchored,4,representation_H3abs,0.010164036386878197,0.00813302827616086,0.012144854515816978,1726
full_policy,mrr10,anchored,4,search_H3abs,-0.001376727672353412,-0.002855002273500625,6.235378480633177e-05,1726
full_policy,mrr10,anchored,4,representation_minus_search_H3abs,0.011540764059231608,0.009367912331810065,0.013768494242938405,1726
full_policy,mrr10,anchored,8,representation_H3abs,0.0027086078324490984,0.001990658454144309,0.0034364194906634214,1726
full_policy,mrr10,anchored,8,search_H3abs,-0.0008486013015995541,-0.0014169001737983392,-0.00029056472297255736,1726
full_policy,mrr10,anchored,8,representation_minus_search_H3abs,0.0035572091340486524,0.00276697551474855,0.004343794863013799,1726
full_policy,mrr10,recursive,4,representation_H3abs,0.008081602316828251,0.005075029060155414,0.011126053015881352,1726
full_policy,mrr10,recursive,4,search_H3abs,-0.0023420792304772765,-0.004643039268491923,-3.308033519687745e-05,1726
full_policy,mrr10,recursive,4,representation_minus_search_H3abs,0.010423681547305528,0.0071257298088482825,0.013698839848472304,1726
full_policy,mrr10,recursive,8,representation_H3abs,-0.00207774337481752,-0.0035977570905420544,-0.0005503877765926793,1726
full_policy,mrr10,recursive,8,search_H3abs,-0.003203176250865987,-0.004549278826726674,-0.0018921713805793606,1726
full_policy,mrr10,recursive,8,representation_minus_search_H3abs,0.0011254328760484677,-0.0004618354656828665,0.002739527050999573,1726
full_policy,recall10,anchored,4,representation_H3abs,0.02032780733171808,0.017333824923627908,0.023301075463499396,1726
full_policy,recall10,anchored,4,search_H3abs,-0.0022170941746550354,-0.004111159758067375,-0.0002887928385828401,1726
full_policy,recall10,anchored,4,representation_minus_search_H3abs,0.022544901506373113,0.01947614360581481,0.02573831814670459,1726
full_policy,recall10,anchored,8,representation_H3abs,0.006823887776958481,0.005705175121727142,0.007930827777338877,1726
full_policy,recall10,anchored,8,search_H3abs,-0.001166521091564529,-0.0018914224626040087,-0.00043709564503667964,1726
full_policy,recall10,anchored,8,representation_minus_search_H3abs,0.00799040886852301,0.006870483239843399,0.009100762385588216,1726
full_policy,recall10,recursive,4,representation_H3abs,0.03062728238351063,0.026298264730152007,0.03487068322272549,1726
full_policy,recall10,recursive,4,search_H3abs,-0.004073396186663884,-0.006859999912216048,-0.0012788041188244244,1726
full_policy,recall10,recursive,4,representation_minus_search_H3abs,0.03470067857017451,0.0301584967212683,0.03921146941606096,1726
full_policy,recall10,recursive,8,representation_H3abs,0.011063634607956759,0.008917231227395647,0.013161901276671719,1726
full_policy,recall10,recursive,8,search_H3abs,-0.0044826889989114625,-0.006040960737151335,-0.0029832755056357174,1726
full_policy,recall10,recursive,8,representation_minus_search_H3abs,0.015546323606868223,0.013387665216767916,0.017756000949530063,1726
h50_subset,ndcg10,anchored,4,representation_H3abs,0.01244328589676328,0.01017668754073321,0.014624192898470062,1726
h50_subset,ndcg10,anchored,4,search_H3abs,-0.0022153633462731544,-0.003886695709372008,-0.0006190926769366957,1726
h50_subset,ndcg10,anchored,4,representation_minus_search_H3abs,0.014658649243036436,0.012361159771964498,0.017006868005827555,1726
h50_subset,ndcg10,anchored,8,representation_H3abs,0.0031619592989514745,0.0023067705758563466,0.004005250321491757,1726
h50_subset,ndcg10,anchored,8,search_H3abs,-0.0013468664120029352,-0.002015024814943937,-0.000673811537160105,1726
h50_subset,ndcg10,anchored,8,representation_minus_search_H3abs,0.004508825710954409,0.0035997780044433277,0.005404162619336843,1726
h50_subset,ndcg10,anchored,12,representation_H3abs,0.0012634656387003887,0.0007827259857159957,0.001728379070778039,1726
h50_subset,ndcg10,anchored,12,search_H3abs,-0.0008184843886723954,-0.0012094674552674907,-0.0004362744622211919,1726
h50_subset,ndcg10,anchored,12,representation_minus_search_H3abs,0.002081950027372784,0.001598473714487347,0.0025702560849838025,1726
h50_subset,ndcg10,anchored,16,representation_H3abs,0.0006593657437645437,0.0003633054018015085,0.0009534253299357314,1726
h50_subset,ndcg10,anchored,16,search_H3abs,-0.0005301050804186265,-0.0007719887878404441,-0.00028607909003352757,1726
h50_subset,ndcg10,anchored,16,representation_minus_search_H3abs,0.0011894708241831703,0.000890038782850934,0.0014974185165996965,1726
h50_subset,ndcg10,anchored,24,representation_H3abs,0.00026727961294877343,0.000122171945923228,0.00041288321207656964,1726
h50_subset,ndcg10,anchored,24,search_H3abs,-0.00026994169062740124,-0.0003992053721163047,-0.00014608267104478554,1726
h50_subset,ndcg10,anchored,24,representation_minus_search_H3abs,0.0005372213035761746,0.0003863055874476512,0.0006886902988165147,1726
h50_subset,ndcg10,anchored,32,representation_H3abs,0.00014234818523091368,5.336547595229444e-05,0.00023054619862119256,1726
h50_subset,ndcg10,anchored,32,search_H3abs,-0.0001622879421191285,-0.00024120880678281715,-8.616924802103869e-05,1726
h50_subset,ndcg10,anchored,32,representation_minus_search_H3abs,0.0003046361273500422,0.00021512209178310625,0.0003972016092757302,1726
h50_subset,ndcg10,anchored,40,representation_H3abs,8.786551282027366e-05,2.8205578843934158e-05,0.00014663310436407258,1726
h50_subset,ndcg10,anchored,40,search_H3abs,-0.00010804997348871963,-0.00015876521785508808,-5.6723261189692994e-05,1726
h50_subset,ndcg10,anchored,40,representation_minus_search_H3abs,0.0001959154863089933,0.0001357191378642329,0.0002557821325264302,1726
h50_subset,ndcg10,anchored,50,representation_H3abs,5.451591722264502e-05,1.4872269054202497e-05,9.369680172378535e-05,1726
h50_subset,ndcg10,anchored,50,search_H3abs,-7.135823566346325e-05,-0.00010519040818736995,-3.779527788622887e-05,1726
h50_subset,ndcg10,anchored,50,representation_minus_search_H3abs,0.00012587415288610828,8.709418874005217e-05,0.0001660907815107585,1726
h50_subset,ndcg10,recursive,4,representation_H3abs,0.01035264469179343,0.00693245876155365,0.013701256694189624,1726
h50_subset,ndcg10,recursive,4,search_H3abs,-0.005067507878637446,-0.007833205661365281,-0.0024559196891115616,1726
h50_subset,ndcg10,recursive,4,representation_minus_search_H3abs,0.015420152570430876,0.011963370666543653,0.018840377074321388,1726
h50_subset,ndcg10,recursive,8,representation_H3abs,-0.0036307469804116054,-0.005352700244288046,-0.0019065534981277537,1726
h50_subset,ndcg10,recursive,8,search_H3abs,-0.005861396810176977,-0.007407594951566794,-0.004306163313698036,1726
h50_subset,ndcg10,recursive,8,representation_minus_search_H3abs,0.0022306498297653718,0.0004883058703728506,0.00399356017700586,1726
h50_subset,ndcg10,recursive,12,representation_H3abs,-0.00537930287645125,-0.006528104313550293,-0.004190538576624322,1726
h50_subset,ndcg10,recursive,12,search_H3abs,-0.005005197818195702,-0.00606819861188762,-0.003954440992734674,1726
h50_subset,ndcg10,recursive,12,representation_minus_search_H3abs,-0.00037410505825554883,-0.001549639247726789,0.000800874005036002,1726
h50_subset,ndcg10,recursive,16,representation_H3abs,-0.00509772059779433,-0.005973433931700447,-0.0042074041457679364,1726
h50_subset,ndcg10,recursive,16,search_H3abs,-0.004047994407492762,-0.004826231394528798,-0.003267115909080977,1726
h50_subset,ndcg10,recursive,16,representation_minus_search_H3abs,-0.001049726190301569,-0.0019007354664877052,-0.0001996685826162975,1726
h50_subset,ndcg10,recursive,24,representation_H3abs,-0.004096632588400509,-0.004663202862360572,-0.003514190831364986,1726
h50_subset,ndcg10,recursive,24,search_H3abs,-0.0027911063983347166,-0.0032911938027194686,-0.0022898506592851633,1726
h50_subset,ndcg10,recursive,24,representation_minus_search_H3abs,-0.0013055261900657927,-0.0018431516278229003,-0.0007712818484790116,1726
h50_subset,ndcg10,recursive,32,representation_H3abs,-0.00327565430649107,-0.00368051894624988,-0.0028701167767698423,1726
h50_subset,ndcg10,recursive,32,search_H3abs,-0.002031274631505753,-0.002396118416275521,-0.0016635281111082876,1726
h50_subset,ndcg10,recursive,32,representation_minus_search_H3abs,-0.0012443796749853167,-0.0016400688861012652,-0.000867913678779612,1726
h50_subset,ndcg10,recursive,40,representation_H3abs,-0.0026404750289458516,-0.002943127352979723,-0.0023334133778791307,1726
h50_subset,ndcg10,recursive,40,search_H3abs,-0.001568536719657079,-0.0018382080077478731,-0.0012932964765803715,1726
h50_subset,ndcg10,recursive,40,representation_minus_search_H3abs,-0.0010719383092887723,-0.0013652680143990228,-0.0007858011808695489,1726
h50_subset,ndcg10,recursive,50,representation_H3abs,-0.0020717333551716803,-0.002303917435747617,-0.0018441575573511296,1726
h50_subset,ndcg10,recursive,50,search_H3abs,-0.001205250693278597,-0.0014036159303648685,-0.0010048405349905593,1726
h50_subset,ndcg10,recursive,50,representation_minus_search_H3abs,-0.0008664826618930828,-0.0010827445726687205,-0.000657008494297918,1726
h50_subset,mrr10,anchored,4,representation_H3abs,0.009843698270153927,0.007501694655387241,0.012204004048147817,1726
h50_subset,mrr10,anchored,4,search_H3abs,-0.0013799884814876282,-0.003120223107952158,0.0003222977046892375,1726
h50_subset,mrr10,anchored,4,representation_minus_search_H3abs,0.011223686751641553,0.008750055609584499,0.013769168853689596,1726
h50_subset,mrr10,anchored,8,representation_H3abs,0.0021073771741862853,0.0012138514829414275,0.0029992359549636275,1726
h50_subset,mrr10,anchored,8,search_H3abs,-0.0010320161764976272,-0.0017534369213920832,-0.00030032263857083705,1726
h50_subset,mrr10,anchored,8,representation_minus_search_H3abs,0.0031393933506839128,0.002164740927351376,0.004109426466407027,1726
h50_subset,mrr10,anchored,12,representation_H3abs,0.0007073903279260497,0.00022290038139740394,0.0011980230357678551,1726
h50_subset,mrr10,anchored,12,search_H3abs,-0.0006355190020715142,-0.0010521703597986974,-0.00022856802476018708,1726
h50_subset,mrr10,anchored,12,representation_minus_search_H3abs,0.0013429093299975638,0.0008207354025448645,0.0018736253969807795,1726
h50_subset,mrr10,anchored,16,representation_H3abs,0.0003183216926528623,1.5775303237208093e-05,0.0006274317799835488,1726
h50_subset,mrr10,anchored,16,search_H3abs,-0.00041209274523507945,-0.0006684807705229271,-0.00014634115291941633,1726
h50_subset,mrr10,anchored,16,representation_minus_search_H3abs,0.0007304144378879418,0.00040310315069080156,0.0010563829855019624,1726
h50_subset,mrr10,anchored,24,representation_H3abs,0.00010173412592299942,-5.211024943336168e-05,0.00025396800858308436,1726
h50_subset,mrr10,anchored,24,search_H3abs,-0.00021005120635769737,-0.00034411949479483,-7.645293165417577e-05,1726
h50_subset,mrr10,anchored,24,representation_minus_search_H3abs,0.00031178533228069674,0.0001482321711980238,0.0004754986165803259,1726
h50_subset,mrr10,anchored,32,representation_H3abs,4.4997819785243374e-05,-4.577965835439373e-05,0.00013604437865879054,1726
h50_subset,mrr10,anchored,32,search_H3abs,-0.00012633666326005674,-0.00020785638686140331,-4.8099928435076346e-05,1726
h50_subset,mrr10,anchored,32,representation_minus_search_H3abs,0.0001713344830453001,7.585761863456559e-05,0.0002687466892648808,1726
h50_subset,mrr10,anchored,40,representation_H3abs,2.3869789180311298e-05,-3.6420263681383016e-05,8.447239730662429e-05,1726
h50_subset,mrr10,anchored,40,search_H3abs,-8.413449907372444e-05,-0.0001373689272495228,-3.0505186096307845e-05,1726
h50_subset,mrr10,anchored,40,representation_minus_search_H3abs,0.00010800428825403574,4.379787186197183e-05,0.0001728495160493668,1726
h50_subset,mrr10,anchored,50,representation_H3abs,1.2668459843159944e-05,-2.6759000137549283e-05,5.23598116100455e-05,1726
h50_subset,mrr10,anchored,50,search_H3abs,-5.5574473750636946e-05,-9.184884499711517e-05,-2.0252163857639153e-05,1726
h50_subset,mrr10,anchored,50,representation_minus_search_H3abs,6.824293359379689e-05,2.5946643113748933e-05,0.00011001464396778815,1726
h50_subset,mrr10,recursive,4,representation_H3abs,0.004395594226489338,0.0008530673355910318,0.007963356948008033,1726
h50_subset,mrr10,recursive,4,search_H3abs,-0.0035936005582225317,-0.006490039777377751,-0.0007656099121282493,1726
h50_subset,mrr10,recursive,4,representation_minus_search_H3abs,0.007989194784711872,0.0042677565570453675,0.011654414811864288,1726
h50_subset,mrr10,recursive,8,representation_H3abs,-0.006772773681540322,-0.008578107852513978,-0.004926579099053826,1726
h50_subset,mrr10,recursive,8,search_H3abs,-0.005098686655845539,-0.006720405917875218,-0.003466313620046955,1726
h50_subset,mrr10,recursive,8,representation_minus_search_H3abs,-0.001674087025694782,-0.003558613507927303,0.00020732582273446916,1726
h50_subset,mrr10,recursive,12,representation_H3abs,-0.007279536680970626,-0.008548167080019079,-0.006038418155500896,1726
h50_subset,mrr10,recursive,12,search_H3abs,-0.004544587299667167,-0.005632994736383944,-0.0034399459327102175,1726
h50_subset,mrr10,recursive,12,representation_minus_search_H3abs,-0.002734949381303459,-0.003952518000944246,-0.0015081026442743477,1726
h50_subset,mrr10,recursive,16,representation_H3abs,-0.006375340698513851,-0.007304318220464436,-0.005475431729518762,1726
h50_subset,mrr10,recursive,16,search_H3abs,-0.0037110557658108904,-0.004522746360658814,-0.0029243550449723913,1726
h50_subset,mrr10,recursive,16,representation_minus_search_H3abs,-0.0026642849327029616,-0.0035523962126150963,-0.0017529956458712454,1726
h50_subset,mrr10,recursive,24,representation_H3abs,-0.004786286762677262,-0.005378490563105462,-0.0041818840244263935,1726
h50_subset,mrr10,recursive,24,search_H3abs,-0.0025849697650103223,-0.003087287790465297,-0.002087135672110416,1726
h50_subset,mrr10,recursive,24,representation_minus_search_H3abs,-0.0022013169976669404,-0.002776278562833459,-0.0016346291532655423,1726
h50_subset,mrr10,recursive,32,representation_H3abs,-0.0037127683404311685,-0.004132299719976703,-0.0032938445075452486,1726
h50_subset,mrr10,recursive,32,search_H3abs,-0.0019070450855054072,-0.002273902221530552,-0.0015450520474194326,1726
h50_subset,mrr10,recursive,32,representation_minus_search_H3abs,-0.0018057232549257617,-0.0022083540197007276,-0.0014041563743329756,1726
h50_subset,mrr10,recursive,40,representation_H3abs,-0.00294293437854138,-0.003257207594501756,-0.002624899134685844,1726
h50_subset,mrr10,recursive,40,search_H3abs,-0.0014968568330708662,-0.0017644938721170826,-0.001227807128006691,1726
h50_subset,mrr10,recursive,40,representation_minus_search_H3abs,-0.0014460775454705136,-0.001753886117316689,-0.0011460945432710803,1726
h50_subset,mrr10,recursive,50,representation_H3abs,-0.002271840538663691,-0.0025110265960771937,-0.002033992081973323,1726
h50_subset,mrr10,recursive,50,search_H3abs,-0.0011617529502813385,-0.0013639011673150547,-0.000958415924492921,1726
h50_subset,mrr10,recursive,50,representation_minus_search_H3abs,-0.0011100875883823527,-0.0013368980046448557,-0.0008855420089419128,1726
h50_subset,recall10,anchored,4,representation_H3abs,0.022210554268057136,0.018789831981459993,0.02563981629007336,1726
h50_subset,recall10,anchored,4,search_H3abs,-0.003145519505600645,-0.005434047894940157,-0.0008786271243723704,1726
h50_subset,recall10,anchored,4,representation_minus_search_H3abs,0.025356073773657783,0.021754206498648128,0.028919285921205098,1726
h50_subset,recall10,anchored,8,representation_H3abs,0.007062532187459788,0.00574826791232138,0.008380417551821832,1726
h50_subset,recall10,anchored,8,search_H3abs,-0.0015689374919531194,-0.002508816346401426,-0.0006328708397708105,1726
h50_subset,recall10,anchored,8,representation_minus_search_H3abs,0.008631469679412907,0.007262682865005802,0.009994613629779844,1726
h50_subset,recall10,anchored,12,representation_H3abs,0.003306863569030437,0.002577600406304789,0.004036219580197717,1726
h50_subset,recall10,anchored,12,search_H3abs,-0.0009543493393435398,-0.0014892956358049,-0.0004256354945267112,1726
h50_subset,recall10,anchored,12,representation_minus_search_H3abs,0.004261212908373976,0.0035126322957652646,0.004983111200068763,1726
h50_subset,recall10,anchored,16,representation_H3abs,0.0019079057607979543,0.0014509111358670624,0.0023608969225001777,1726
h50_subset,recall10,anchored,16,search_H3abs,-0.0006199044411120885,-0.0009646349456883878,-0.0002747738120933897,1726
h50_subset,recall10,anchored,16,representation_minus_search_H3abs,0.0025278102019100426,0.0020588710118317325,0.002994690341253343,1726
h50_subset,recall10,anchored,24,representation_H3abs,0.0008712247823632489,0.0006403450619484765,0.0011061779960335105,1726
h50_subset,recall10,anchored,24,search_H3abs,-0.00031644605876935365,-0.0004975847799120582,-0.00013580430891048343,1726
h50_subset,recall10,anchored,24,representation_minus_search_H3abs,0.0011876708411326024,0.0009461525462756634,0.0014281671067682803,1726
h50_subset,recall10,anchored,32,representation_H3abs,0.0004969113916239646,0.00035787241740818556,0.0006358481999701042,1726
h50_subset,recall10,anchored,32,search_H3abs,-0.00019045412460781075,-0.0002976669680368182,-8.253005342687876e-05,1726
h50_subset,recall10,anchored,32,representation_minus_search_H3abs,0.0006873655162317754,0.0005434883375753661,0.0008279018810364406,1726
h50_subset,recall10,anchored,40,representation_H3abs,0.00032071873700445557,0.0002290858335251145,0.00041016358365195767,1726
h50_subset,recall10,anchored,40,search_H3abs,-0.00012688111589773286,-0.00019980658294674615,-5.453403479004462e-05,1726
h50_subset,recall10,anchored,40,representation_minus_search_H3abs,0.0004475998529021884,0.00035416570987479977,0.0005403502051698231,1726
h50_subset,recall10,anchored,50,representation_H3abs,0.0002066636998858745,0.00014650636164752177,0.0002673266798140077,1726
h50_subset,recall10,anchored,50,search_H3abs,-8.38344964512228e-05,-0.00013168548376878104,-3.630371336965077e-05,1726
h50_subset,recall10,anchored,50,representation_minus_search_H3abs,0.00029049819633709733,0.00022935884928666284,0.00035285721690182553,1726
h50_subset,recall10,recursive,4,representation_H3abs,0.031955508883738874,0.026666892984743115,0.03704989860950172,1726
h50_subset,recall10,recursive,4,search_H3abs,-0.005659762456546956,-0.00920855059868678,-0.0021060254924681623,1726
h50_subset,recall10,recursive,4,representation_minus_search_H3abs,0.037615271340285826,0.03252697711471611,0.04270907263904983,1726
h50_subset,recall10,recursive,8,representation_H3abs,0.007210091573323056,0.004511489917278253,0.009820245610435195,1726
h50_subset,recall10,recursive,8,search_H3abs,-0.006192062572421769,-0.008331072667213838,-0.004135648516962777,1726
h50_subset,recall10,recursive,8,representation_minus_search_H3abs,0.013402154145744824,0.010817790310769931,0.016006142272595603,1726
h50_subset,recall10,recursive,12,representation_H3abs,0.001031115104478381,-0.0007628742985963353,0.0027857293072657443,1726
h50_subset,recall10,recursive,12,search_H3abs,-0.005276908539509926,-0.006724570768286363,-0.0038252281286210855,1726
h50_subset,recall10,recursive,12,representation_minus_search_H3abs,0.0063080236439883065,0.004631923575651853,0.008029612816692774,1726
h50_subset,recall10,recursive,16,representation_H3abs,-0.0008381312765546459,-0.0021296575372617096,0.00045996375538194035,1726
h50_subset,recall10,recursive,16,search_H3abs,-0.004340277777777771,-0.005407447015536122,-0.0032393375933199597,1726
h50_subset,recall10,recursive,16,representation_minus_search_H3abs,0.003502146501223125,0.002202658429753711,0.004774379885512046,1726
h50_subset,recall10,recursive,24,representation_H3abs,-0.0018117423567162879,-0.0026677857225094366,-0.0009591312496286091,1726
h50_subset,recall10,recursive,24,search_H3abs,-0.0030315758980301293,-0.003739287494986186,-0.0023068130329500576,1726
h50_subset,recall10,recursive,24,representation_minus_search_H3abs,0.001219833541313842,0.00042277145170395387,0.0020541150893573397,1726
h50_subset,recall10,recursive,32,representation_H3abs,-0.0018586644338552834,-0.00245799120978977,-0.0012505655632252476,1726
h50_subset,recall10,recursive,32,search_H3abs,-0.0021628464175357256,-0.0026804796294044296,-0.001649455055924848,1726
h50_subset,recall10,recursive,32,representation_minus_search_H3abs,0.0003041819836804421,-0.00028411778688385887,0.0008812671085976923,1726
h50_subset,recall10,recursive,40,representation_H3abs,-0.0016848105947435052,-0.002150627659671107,-0.001226469964557904,1726
h50_subset,recall10,recursive,40,search_H3abs,-0.0016323005953222077,-0.002024943716455507,-0.001236986184892731,1726
h50_subset,recall10,recursive,40,representation_minus_search_H3abs,-5.250999942129769e-05,-0.0004989584952519562,0.0003956392465257732,1726
h50_subset,recall10,recursive,50,representation_H3abs,-0.001453961264067083,-0.001790128850697956,-0.0011057898349307615,1726
h50_subset,recall10,recursive,50,search_H3abs,-0.0012446470142562763,-0.0015426593120869872,-0.0009519563385118722,1726
h50_subset,recall10,recursive,50,representation_minus_search_H3abs,-0.00020931424981080675,-0.0005404955201173071,0.0001287260625794136,1726
