query_id,split
test949,fit
test2606,fit
test3436,fit
test1855,fit
test599,fit
test1342,fit
test3255,fit
test1808,fit
test3386,fit
test2106,fit
test1235,fit
test3326,fit
test72,fit
test1971,fit
test1875,fit
test2785,fit
test3118,fit
test1281,fit
test1662,fit
test3040,fit
test1683,fit
test1945,fit
test1473,fit
test3165,fit
test2281,fit
test1892,fit
test2293,fit
test2869,fit
test2392,fit
test2439,fit
test1853,fit
test3397,fit
test1562,fit
test1448,fit
test3412,fit
test1147,fit
test2284,fit
test623,fit
test2315,fit
test2049,fit
test1552,fit
test468,fit
test820,fit
test3252,fit
test3298,fit
test708,fit
test2938,fit
test78,fit
test247,fit
test2309,fit
test2015,fit
test2084,fit
test2887,fit
test995,fit
test1916,fit
test2706,fit
test2894,fit
test568,fit
test484,fit
test2041,fit
test2973,fit
test2567,fit
test1830,fit
test1535,fit
test2391,fit
test3286,fit
test1221,fit
test1085,fit
test1534,fit
test437,fit
test191,fit
test2607,fit
test1889,fit
test33,fit
test1694,fit
test3152,fit
test606,fit
test3441,fit
test2919,fit
test1811,fit
test2535,fit
test3313,fit
test39,fit
test1857,fit
test2827,fit
test2000,fit
test3439,fit
test1028,fit
test918,fit
test2410,fit
test3425,fit
test230,fit
test832,fit
test2023,fit
test1961,fit
test922,fit
test2276,fit
test365,fit
test2144,fit
test1640,fit
test1111,fit
test294,fit
test3223,fit
test655,fit
test1087,fit
test1523,fit
test2344,fit
test1236,fit
test1036,fit
test3301,fit
test692,fit
test1387,fit
test515,fit
test1678,fit
test121,fit
test3319,fit
test747,fit
test105,fit
test2304,fit
test2545,fit
test1291,fit
test2838,fit
test2279,fit
test3166,fit
test166,fit
test563,fit
test1086,fit
test994,fit
test1320,fit
test1053,fit
test104,fit
test106,fit
test2111,fit
test796,fit
test980,fit
test2401,fit
test544,fit
test2367,fit
test3180,fit
test2504,fit
test1442,fit
test868,fit
test190,fit
test3307,fit
test2108,fit
test1567,fit
test3161,fit
test2032,fit
test2104,fit
test3181,fit
test1196,fit
test2670,fit
test2631,fit
test2705,fit
test446,fit
test2146,fit
test1033,fit
test1856,fit
test1555,fit
test108,fit
test1622,fit
test85,fit
test818,fit
test413,fit
test963,fit
test1337,fit
test2751,fit
test2092,fit
test1486,fit
test658,fit
test1913,fit
test1319,fit
test659,fit
test317,fit
test1386,fit
test1100,fit
test2085,fit
test3256,fit
test690,fit
test1605,fit
test3351,fit
test510,fit
test600,fit
test245,fit
test3416,fit
test177,fit
test2289,fit
test1060,fit
test3254,fit
test3404,fit
test2339,fit
test1986,fit
test2472,fit
test730,fit
test2316,fit
test1550,fit
test1709,fit
test2841,fit
test1784,fit
test1047,fit
test1810,fit
test3362,fit
test3340,fit
test1484,fit
test2162,fit
test1874,fit
test669,fit
test838,fit
test1958,fit
test1654,fit
test3379,fit
test2256,fit
test1176,fit
test3231,fit
test97,fit
test2674,fit
test843,fit
test2009,fit
test1460,fit
test1757,fit
test502,fit
test1013,fit
test1310,fit
test271,fit
test2026,fit
test1823,fit
test129,fit
test1290,fit
test3187,fit
test2718,fit
test2884,fit
test3088,fit
test2253,fit
test296,fit
test3008,fit
test2772,fit
test1590,fit
test146,fit
test2578,fit
test2036,fit
test211,fit
test2210,fit
test2875,fit
test2029,fit
test603,fit
test587,fit
test2877,fit
test3338,fit
test1348,fit
test3159,fit
test192,fit
test1914,fit
test668,fit
test1909,fit
test1418,fit
test2075,fit
test621,fit
test1517,fit
test2954,fit
test1373,fit
test3125,fit
test2933,fit
test2611,fit
test2519,fit
test2963,fit
test571,fit
test944,fit
test388,fit
test2731,fit
test1671,fit
test381,fit
test1416,fit
test1695,fit
test2457,fit
test1901,fit
test2999,fit
test451,fit
test773,fit
test1648,fit
test1923,fit
test2073,fit
test2161,fit
test1109,fit
test1936,fit
test2811,fit
test3324,fit
test539,fit
test2117,fit
test2768,fit
test1682,fit
test1434,fit
test604,fit
test2990,fit
test700,fit
test447,fit
test368,fit
test3271,fit
test2621,fit
test291,fit
test1878,fit
test2170,fit
test2286,fit
test514,fit
test2934,fit
test1584,fit
test1045,fit
test2137,fit
test1505,fit
test216,fit
test2729,fit
test1710,fit
test2252,fit
test999,fit
test419,fit
test1212,fit
test301,fit
test1882,fit
test1609,fit
test1850,fit
test341,fit
test2901,fit
test677,fit
test943,fit
test490,fit
test1943,fit
test1232,fit
test2148,fit
test2673,fit
test1920,fit
test2383,fit
test509,fit
test1975,fit
test556,fit
test3145,fit
test2598,fit
test1245,fit
test722,fit
test169,fit
test2412,fit
test1902,fit
test2118,fit
test99,fit
test2040,fit
test3025,fit
test2778,fit
test2174,fit
test220,fit
test2646,fit
test764,fit
test969,fit
test344,fit
test2126,fit
test1797,fit
test2732,fit
test218,fit
test1711,fit
test2605,fit
test1156,fit
test310,fit
test711,fit
test440,fit
test721,fit
test1813,fit
test767,fit
test1079,fit
test1679,fit
test3104,fit
test2202,fit
test2829,fit
test2059,fit
test617,fit
test89,fit
test2969,fit
test1050,fit
test3247,fit
test1672,fit
test829,fit
test2393,fit
test314,fit
test2858,fit
test2184,fit
test620,fit
test3186,fit
test3093,fit
test2307,fit
test555,fit
test2389,fit
test2525,fit
test1343,fit
test2479,fit
test2079,fit
test3210,fit
test1254,fit
test2936,fit
test904,fit
test2867,fit
test3076,fit
test2005,fit
test1777,fit
test1116,fit
test309,fit
test2274,fit
test2689,fit
test1522,fit
test38,fit
test2908,fit
test639,fit
test1888,fit
test590,fit
test2837,fit
test578,fit
test2716,fit
test848,fit
test1301,fit
test3317,fit
test2984,fit
test475,fit
test875,fit
test279,fit
test2807,fit
test542,fit
test110,fit
test2048,fit
test1962,fit
test239,fit
test3352,fit
test1193,fit
test2987,fit
test3364,fit
test2449,fit
test3194,fit
test840,fit
test1198,fit
test1273,fit
test3032,fit
test2658,fit
test3211,fit
test1756,fit
test2962,fit
test3449,fit
test2327,fit
test735,fit
test2939,fit
test427,fit
test1718,fit
test3289,fit
test1775,fit
test3300,fit
test2709,fit
test2185,fit
test2547,fit
test2233,fit
test1939,fit
test2086,fit
test2767,fit
test1084,fit
test1388,fit
test3215,fit
test224,fit
test714,fit
test113,fit
test116,fit
test2847,fit
test2163,fit
test3206,fit
test2238,fit
test1700,fit
test3262,fit
test327,fit
test2994,fit
test286,fit
test487,fit
test652,fit
test273,fit
test859,fit
test1361,fit
test90,fit
test450,fit
test602,fit
test2454,fit
test2691,fit
test806,fit
test13,fit
test2244,fit
test404,fit
test2025,fit
test559,fit
test3354,fit
test772,fit
test2526,fit
test2903,fit
test2506,fit
test2423,fit
test493,fit
test2354,fit
test373,fit
test3122,fit
test1820,fit
test485,fit
test320,fit
test2574,fit
test156,fit
test1323,fit
test1104,fit
test2615,fit
test2409,fit
test2828,fit
test2698,fit
test881,fit
test2808,fit
test23,fit
test1253,fit
test334,fit
test1275,fit
test1803,fit
test1252,fit
test1208,fit
test2012,fit
test2034,fit
test1664,fit
test3423,fit
test1267,fit
test1574,fit
test584,fit
test2033,fit
test1004,fit
test2077,fit
test1427,fit
test3085,fit
test715,fit
test3419,fit
test101,fit
test269,fit
test2613,fit
test1781,fit
test2446,fit
test3236,fit
test1807,fit
test2959,fit
test2103,fit
test1794,fit
test145,fit
test2913,fit
test2876,fit
test483,fit
test1713,fit
test1957,fit
test3000,fit
test3288,fit
test1917,fit
test640,fit
test393,fit
test81,fit
test637,fit
test1127,fit
test1951,fit
test3188,fit
test1314,fit
test411,fit
test720,fit
test647,fit
test1844,fit
test15,fit
test1868,fit
test2353,fit
test1223,fit
test1099,fit
test52,fit
test170,fit
test770,fit
test2408,fit
test2422,fit
test2634,fit
test3190,fit
test1799,fit
test2283,fit
test3123,fit
test874,fit
test1377,fit
test676,fit
test3258,fit
test2556,fit
test3322,fit
test1110,fit
test1510,fit
test2388,fit
test1138,fit
test3146,fit
test1251,fit
test2225,fit
test1158,fit
test1246,fit
test2112,fit
test205,fit
test608,fit
test2895,fit
test911,fit
test523,fit
test3167,fit
test2350,fit
test1220,fit
test3147,fit
test2294,fit
test1766,fit
test956,fit
test3020,fit
test386,fit
test171,fit
test1345,fit
test518,fit
test248,fit
test362,fit
test1942,fit
test1714,fit
test1554,fit
test229,fit
test3031,fit
test2321,fit
test2915,fit
test1012,fit
test924,fit
test68,fit
test371,fit
test161,fit
test1449,fit
test2116,fit
test725,fit
test1812,fit
test2482,fit
test3143,fit
test2242,fit
test71,fit
test3348,fit
test646,fit
test654,fit
test1043,fit
test3174,fit
test2182,fit
test1686,fit
test59,fit
test2110,fit
test3356,fit
test749,fit
test521,fit
test2544,fit
test83,fit
test84,fit
test2715,fit
test1631,fit
test28,fit
test2883,fit
test743,fit
test1139,fit
test2878,fit
test2856,fit
test1744,fit
test2427,fit
test2629,fit
test579,fit
test1738,fit
test3133,fit
test788,fit
test1353,fit
test1226,fit
test2588,fit
test2067,fit
test2382,fit
test962,fit
test2142,fit
test2114,fit
test1780,fit
test1054,fit
test2195,fit
test426,fit
test2992,fit
test1435,fit
test1514,fit
test3320,fit
test1195,fit
test79,fit
test872,fit
test803,fit
test758,fit
test926,fit
test3384,fit
test1280,fit
test2093,fit
test1243,fit
test2568,fit
test2214,fit
test2747,fit
test399,fit
test214,fit
test3395,fit
test698,fit
test3100,fit
test2749,fit
test1453,fit
test3077,fit
test1341,fit
test887,fit
test1167,fit
test1170,fit
test2694,fit
test1107,fit
test3218,fit
test3039,fit
test1527,fit
test2559,fit
test906,fit
test180,fit
test867,fit
test572,fit
test2262,fit
test1625,fit
test1740,fit
test2413,fit
test2328,fit
test2793,fit
test2407,fit
test575,fit
test1692,fit
test1904,fit
test2941,fit
test1979,fit
test1070,fit
test249,fit
test817,fit
test894,fit
test3004,fit
test2251,fit
test2860,fit
test400,fit
test1790,fit
test3268,fit
test2037,fit
test2643,fit
test2426,fit
test107,fit
test1228,fit
test2455,fit
test3117,fit
test282,fit
test54,fit
test1021,fit
test1848,fit
test375,fit
test2418,fit
test2882,fit
test1118,fit
test1907,fit
test1818,fit
test1801,fit
test418,fit
test778,fit
test1375,fit
test3415,fit
test2181,fit
test864,fit
test1376,fit
test709,fit
test842,fit
test508,fit
test3303,fit
test2193,fit
test2727,fit
test2186,fit
test405,fit
test863,fit
test2707,fit
test3011,fit
test385,fit
test517,fit
test1283,fit
test2524,fit
test3219,fit
test1168,fit
test2050,fit
test1831,fit
test2430,fit
test2755,fit
test3176,fit
test1368,fit
test1288,fit
test434,fit
test112,fit
test1018,fit
test1119,fit
test2480,fit
test3217,fit
test901,fit
test1173,fit
test2243,fit
test1446,fit
test2728,fit
test1964,fit
test2064,fit
test687,fit
test1571,fit
test3346,fit
test1336,fit
test2473,fit
test233,fit
test1493,fit
test1295,fit
test3331,fit
test3343,fit
test860,fit
test43,fit
test2165,fit
test3169,fit
test1443,fit
test2420,fit
test930,fit
test2291,fit
test2385,fit
test2436,fit
test1057,fit
test1859,fit
test1476,fit
test3084,fit
test892,fit
test174,fit
test2445,fit
test3414,fit
test828,fit
test666,fit
test1140,fit
test1712,fit
test3378,fit
test2046,fit
test1019,fit
test1041,fit
test3234,fit
test1103,fit
test695,fit
test1924,fit
test2663,fit
test2669,fit
test456,fit
test1002,fit
test1009,fit
test1329,fit
test1837,fit
test260,fit
test1172,fit
test117,fit
test1515,fit
test1027,fit
test3212,fit
test1485,fit
test2260,fit
test396,fit
test1691,fit
test1130,fit
test3389,fit
test3266,fit
test3023,fit
test109,fit
test1101,fit
test2528,fit
test1719,fit
test3391,fit
test1450,fit
test2099,fit
test1582,fit
test2953,fit
test3154,fit
test593,fit
test783,fit
test3403,fit
test3094,fit
test270,fit
test210,fit
test228,fit
test1500,fit
test3185,fit
test2078,fit
test769,fit
test2141,fit
test2465,fit
test522,fit
test2955,fit
test1108,fit
test2435,fit
test318,fit
test1583,fit
test899,fit
test1903,fit
test893,fit
test1743,fit
test2083,fit
test433,fit
test861,fit
test782,fit
test2259,fit
test2633,fit
test2002,fit
test2815,fit
test2,fit
test497,fit
test1770,fit
test2787,fit
test3058,fit
test836,fit
test3335,fit
test1429,fit
test1074,fit
test337,fit
test243,fit
test1843,fit
test2851,fit
test3306,fit
test3103,fit
test2820,fit
test494,fit
test141,fit
test1624,fit
test3265,fit
test3053,fit
test3274,fit
test1437,fit
test697,fit
test422,fit
test1806,fit
test2131,fit
test1015,fit
test2612,fit
test831,fit
test605,fit
test1455,fit
test1216,fit
test32,fit
test2849,fit
test1146,fit
test937,fit
test3267,fit
test915,fit
test2806,fit
test3177,fit
test965,fit
test1668,fit
test2087,fit
test1166,fit
test3445,fit
test2931,fit
test1001,fit
test2456,fit
test1894,fit
test1925,fit
test1401,fit
test1149,fit
test2736,fit
test2844,fit
test21,fit
test237,fit
test363,fit
test2798,fit
test163,fit
test739,fit
test2790,fit
test1468,fit
test432,fit
test315,fit
test786,fit
test3280,fit
test1492,fit
test158,fit
test1783,fit
test549,fit
test1497,fit
test2113,fit
test1092,fit
test2107,fit
test2740,fit
test1061,fit
test1559,fit
test992,fit
test2757,fit
test2997,fit
test1302,fit
test940,fit
test100,fit
test2381,fit
test927,fit
test822,fit
test3360,fit
test1072,fit
test1265,fit
test1471,fit
test2730,fit
test1403,fit
test1896,fit
test3069,fit
test2337,fit
test816,fit
test48,fit
test2499,fit
test1249,fit
test2365,fit
test2190,fit
test1674,fit
test955,fit
test794,fit
test289,fit
test159,fit
test950,fit
test2840,fit
test745,fit
test1632,fit
test2351,fit
test2255,fit
test1075,fit
test2227,fit
test2167,fit
test2970,fit
test200,fit
test1344,fit
test2217,fit
test2417,fit
test4,fit
test2752,fit
test3429,fit
test1098,fit
test2247,fit
test3024,fit
test898,fit
test1864,fit
test1378,fit
test805,fit
test257,fit
test2338,fit
test835,fit
test1405,fit
test777,fit
test2361,fit
test1981,fit
test1396,fit
test290,fit
test2211,fit
test2398,fit
test866,fit
test2741,fit
test417,fit
test548,fit
test3014,fit
test1360,fit
test2623,fit
test685,fit
test1064,fit
test2630,fit
test588,fit
test2043,fit
test2006,fit
test2280,fit
test143,fit
test176,fit
test1056,fit
test2395,fit
test1083,fit
test2944,fit
test10,fit
test55,fit
test1131,fit
test1636,fit
test2356,fit
test412,fit
test298,fit
test2221,fit
test324,fit
test2155,fit
test3400,fit
test1161,fit
test1307,fit
test2680,fit
test1025,fit
test1090,fit
test688,fit
test2775,fit
test1350,fit
test1689,fit
test189,fit
test1148,fit
test717,fit
test2322,fit
test2004,fit
test1956,fit
test1621,fit
test1261,fit
test3192,fit
test1532,fit
test1911,fit
test1463,fit
test2704,fit
test238,fit
test222,fit
test1504,fit
test1458,fit
test1947,fit
test2832,fit
test181,fit
test3204,fit
test1926,fit
test746,fit
test1438,fit
test1895,fit
test482,fit
test1322,fit
test716,fit
test1134,fit
test696,fit
test3098,fit
test428,fit
test40,fit
test2723,fit
test3018,fit
test1729,fit
test2483,fit
test2573,fit
test2371,fit
test2570,fit
test3148,fit
test533,fit
test791,fit
test585,fit
test1597,fit
test1933,fit
test2687,fit
test25,fit
test1751,fit
test2788,fit
test472,fit
test2477,fit
test3438,fit
test1040,fit
test529,fit
test3261,fit
test2696,fit
test2645,fit
test1270,fit
test1561,fit
test3080,fit
test1626,fit
test3342,fit
test1174,fit
test2590,fit
test1190,fit
test1721,fit
test227,fit
test2462,fit
test989,fit
test2889,fit
test2330,fit
test2898,fit
test3422,fit
test2601,fit
test974,fit
test1851,fit
test1805,fit
test826,fit
test3120,fit
test66,fit
test2198,fit
test1575,fit
test1659,fit
test1930,fit
test2656,fit
test3365,fit
test1802,fit
test449,fit
test1723,fit
test2212,fit
test1394,fit
test2317,fit
test1786,fit
test3390,fit
test187,fit
test2932,fit
test691,fit
test1834,fit
test1105,fit
test914,fit
test2988,fit
test586,fit
test1318,fit
test147,fit
test2166,fit
test225,fit
test185,fit
test5,fit
test287,fit
test2782,fit
test2836,fit
test2466,fit
test910,fit
test3382,fit
test1370,fit
test1658,fit
test2062,fit
test2536,fit
test1726,fit
test348,fit
test2952,fit
test2192,fit
test1652,fit
test2241,fit
test2904,fit
test1117,fit
test3278,fit
test2553,fit
test2797,fit
test1214,fit
test960,fit
test2171,fit
test795,fit
test382,fit
test3041,fit
test1506,fit
test2862,fit
test2308,fit
test1988,fit
test3097,fit
test1464,fit
test731,fit
test3282,fit
test3276,fit
test3111,fit
test2891,fit
test1821,fit
test1144,fit
test2888,fit
test2139,fit
test3168,fit
test2415,fit
test125,fit
test370,fit
test3201,fit
test1326,fit
test2484,fit
test545,fit
test3,fit
test851,fit
test1292,fit
test1824,fit
test2191,fit
test2971,fit
test2781,fit
test869,fit
test2627,fit
test1248,fit
test1578,fit
test1861,fit
test1311,fit
test672,fit
test1787,fit
test1133,fit
test1432,fit
test2290,fit
test358,fit
test1257,fit
test1209,fit
test1205,fit
test967,fit
test175,fit
test1247,fit
test1456,fit
test1526,fit
test1234,fit
test907,fit
test1164,fit
test2495,fit
test2823,fit
test120,fit
test1163,fit
test2218,fit
test1948,fit
test1548,fit
test3137,fit
test2196,fit
test1941,fit
test1630,fit
test1469,fit
test2474,fit
test234,fit
test2816,fit
test397,fit
test2285,fit
test201,fit
test1203,fit
test3372,fit
test801,fit
test1629,fit
test1242,fit
test1383,fit
test1039,fit
test3089,fit
test1905,fit
test213,fit
test2428,fit
test278,fit
test1338,fit
test1537,fit
test3242,fit
test3336,fit
test526,fit
test2551,fit
test457,fit
test3113,fit
test610,fit
test1384,fit
test671,fit
test2089,fit
test1457,fit
test3128,fit
test1558,fit
test1417,fit
test454,fit
test1315,fit
test2070,fit
test3043,fit
test728,fit
test3096,fit
test2102,fit
test1382,fit
test975,fit
test1035,fit
test683,fit
test1178,fit
test2498,fit
test3240,fit
test3314,fit
test1507,fit
test3095,fit
test416,fit
test3442,fit
test703,fit
test1922,fit
test2097,fit
test2911,fit
test2527,fit
test1543,fit
test2368,fit
test1294,fit
test2091,fit
test1365,fit
test2405,fit
test2854,fit
test501,fit
test2626,fit
test2447,fit
test2853,fit
test755,fit
test1137,fit
test825,fit
test1644,fit
test64,fit
test2278,fit
test675,fit
test775,fit
test221,fit
test2147,fit
test595,fit
test302,fit
test800,fit
test1327,fit
test2124,fit
test511,fit
test3052,fit
test2702,fit
test1052,fit
test2469,fit
test1237,fit
test1431,fit
test661,fit
test2945,fit
test1490,fit
test3047,fit
test3108,fit
test2765,fit
test1596,fit
test2496,fit
test2207,fit
test2173,fit
test2667,fit
test1412,fit
test1256,fit
test3114,fit
test2047,fit
test2804,fit
test2977,fit
test1883,fit
test1346,fit
test2759,fit
test945,fit
test1445,fit
test1180,fit
test2400,fit
test2985,fit
test2725,fit
test1833,fit
test2318,fit
test1993,fit
test704,fit
test119,fit
test3275,fit
test241,fit
test2269,fit
test2902,fit
test330,fit
test3246,fit
test1616,fit
test1788,fit
test2695,fit
test98,fit
test1593,fit
test1735,fit
test2363,fit
test1742,fit
test3339,fit
test2178,fit
test2591,fit
test649,fit
test465,fit
test2271,fit
test2429,fit
test3171,fit
test3138,fit
test470,fit
test305,fit
test3241,fit
test476,fit
test307,fit
test2513,fit
test1816,fit
test3214,fit
test1451,fit
test627,fit
test1316,fit
test244,fit
test2577,fit
test2773,fit
test1746,fit
test252,fit
test95,fit
test1000,fit
test3238,fit
test2394,fit
test2855,fit
test3003,fit
test761,fit
test2323,fit
test2478,fit
test1402,fit
test751,fit
test479,fit
test2358,fit
test1972,fit
test372,fit
test2917,fit
test2666,fit
test1585,fit
test3374,fit
test612,fit
test1845,fit
test3312,fit
test3162,fit
test2014,fit
test554,fit
test567,fit
test2766,fit
test488,fit
test970,fit
test2512,fit
test2471,fit
test2031,fit
test2603,fit
test1165,fit
test827,fit
test741,fit
test2761,fit
test3060,fit
test3387,fit
test195,fit
test277,fit
test442,fit
test1357,fit
test2011,fit
test979,fit
test1968,fit
test389,fit
test1046,fit
test2618,fit
test31,fit
test2609,fit
test3451,fit
test1765,fit
test3244,fit
test954,fit
test3179,fit
test3279,fit
test1066,fit
test505,fit
test2831,fit
test2058,fit
test3363,fit
test2734,fit
test2675,fit
test1309,fit
test1772,fit
test280,fit
test1832,fit
test923,fit
test1669,fit
test1262,fit
test1414,fit
test781,fit
test1224,fit
test1650,fit
test3066,fit
test2541,fit
test2127,fit
test150,fit
test30,fit
test1638,fit
test821,fit
test1929,fit
test2387,fit
test1421,fit
test34,fit
test1114,fit
test3083,fit
test2996,fit
test2813,fit
test387,fit
test641,fit
test1589,fit
test36,fit
test1915,fit
test2135,fit
test223,fit
test2972,fit
test917,fit
test3135,fit
test2508,fit
test420,fit
test1699,fit
test3050,fit
test3156,fit
test2299,fit
test1044,fit
test1059,fit
test3075,fit
test1069,fit
test2562,fit
test2272,fit
test1423,fit
test1591,fit
test3072,fit
test7,fit
test889,fit
test3067,fit
test1747,fit
test642,fit
test266,fit
test3193,fit
test734,fit
test2923,fit
test325,fit
test335,fit
test959,fit
test2101,fit
test1297,fit
test2998,fit
test1879,fit
test2684,fit
test2596,fit
test2343,fit
test850,fit
test983,fit
test3408,fit
test2825,fit
test2792,fit
test2586,fit
test2739,fit
test2268,fit
test824,fit
test1340,fit
test577,fit
test2978,fit
test2852,fit
test2662,fit
test2514,fit
test852,fit
test1426,fit
test332,fit
test122,fit
test2697,fit
test762,fit
test1870,fit
test562,fit
test2081,fit
test702,fit
test2572,fit
test1542,fit
test2642,fit
test3049,fit
test624,fit
test3321,fit
test178,fit
test626,fit
test2555,fit
test1978,fit
test1750,fit
test1646,fit
test1872,fit
test1661,fit
test707,fit
test2951,fit
test628,fit
test1639,fit
test3269,fit
test329,fit
test421,fit
test366,fit
test2194,fit
test3260,fit
test961,fit
test558,fit
test957,fit
test2201,fit
test153,fit
test653,fit
test1496,fit
test2980,fit
test3208,fit
test789,fit
test2776,fit
test1008,fit
test1521,fit
test2458,fit
test2373,fit
test1667,fit
test1827,fit
test2920,fit
test570,fit
test2292,fit
test2440,fit
test217,fit
test435,fit
test976,fit
test204,fit
test339,fit
test902,fit
test466,fit
test2966,fit
test3347,fit
test3062,fit
test2668,fit
test3299,fit
test1121,fit
test2575,fit
test2657,fit
test2450,fit
test2502,fit
test2564,fit
test444,fit
test148,fit
test1635,fit
test1152,fit
test256,fit
test2100,fit
test207,fit
test1549,fit
test1126,fit
test1187,fit
test2013,fit
test1934,fit
test209,fit
test891,fit
test3323,fit
test46,fit
test430,fit
test3310,fit
test1424,fit
test154,fit
test1183,fit
test2899,fit
test2362,fit
test1528,fit
test1206,fit
test2571,fit
test2745,fit
test900,fit
test2637,fit
test3134,fit
test1702,fit
test2791,fit
test1551,fit
test2264,fit
test3373,fit
test1547,fit
test126,fit
test611,fit
test2267,fit
test2220,fit
test3383,fit
test231,fit
test1566,fit
test2424,fit
test2743,fit
test2726,fit
test936,fit
test2001,fit
test2319,fit
test464,fit
test1304,fit
test2842,fit
test2187,fit
test131,fit
test49,fit
test2654,fit
test128,fit
test3183,fit
test753,fit
test1207,fit
test2762,fit
test1422,validation
test2531,validation
test2138,validation
test3061,validation
test61,validation
test3337,validation
test3220,validation
test3221,validation
test629,validation
test1151,validation
test1556,validation
test757,validation
test1333,validation
test2843,validation
test1231,validation
test2830,validation
test1952,validation
test2158,validation
test1317,validation
test2529,validation
test792,validation
test3399,validation
test186,validation
test1444,validation
test2219,validation
test3022,validation
test1142,validation
test2209,validation
test2948,validation
test2720,validation
test2710,validation
test2995,validation
test1398,validation
test167,validation
test1519,validation
test557,validation
test752,validation
test1919,validation
test993,validation
test2378,validation
test124,validation
test2018,validation
test14,validation
test3205,validation
test438,validation
test491,validation
test1995,validation
test1887,validation
test854,validation
test263,validation
test2320,validation
test1191,validation
test636,validation
test134,validation
test3444,validation
test3369,validation
test886,validation
test793,validation
test538,validation
test1705,validation
test1467,validation
test2270,validation
test226,validation
test1752,validation
test1627,validation
test1733,validation
test2566,validation
test1474,validation
test1715,validation
test3141,validation
test2301,validation
test2349,validation
test1352,validation
test429,validation
test589,validation
test1082,validation
test807,validation
test2021,validation
test3015,validation
test2399,validation
test543,validation
test1466,validation
test797,validation
test527,validation
test1321,validation
test613,validation
test990,validation
test1862,validation
test1362,validation
test3228,validation
test1145,validation
test2066,validation
test1202,validation
test1266,validation
test1475,validation
test2799,validation
test1068,validation
test2648,validation
test3068,validation
test3448,validation
test2616,validation
test1613,validation
test3237,validation
test733,validation
test1071,validation
test259,validation
test1764,validation
test1563,validation
test3420,validation
test2235,validation
test3099,validation
test3131,validation
test2414,validation
test2587,validation
test3184,validation
test1192,validation
test2475,validation
test744,validation
test406,validation
test1601,validation
test732,validation
test1969,validation
test2448,validation
test2809,validation
test1157,validation
test1006,validation
test2019,validation
test1984,validation
test3370,validation
test142,validation
test275,validation
test2261,validation
test3019,validation
test1536,validation
test1974,validation
test3124,validation
test461,validation
test1213,validation
test845,validation
test364,validation
test367,validation
test2510,validation
test531,validation
test2340,validation
test941,validation
test208,validation
test165,validation
test333,validation
test643,validation
test1854,validation
test351,validation
test76,validation
test137,validation
test3315,validation
test2228,validation
test2964,validation
test1717,validation
test2377,validation
test1289,validation
test1503,validation
test2464,validation
test352,validation
test2494,validation
test3264,validation
test3257,validation
test377,validation
test3302,validation
test1406,validation
test1673,validation
test3368,validation
test1080,validation
test2282,validation
test2921,validation
test2758,validation
test1076,validation
test3334,validation
test2885,validation
test1153,validation
test1381,validation
test2610,validation
test75,validation
test1754,validation
test403,validation
test3248,validation
test3349,validation
test1643,validation
test1081,validation
test2909,validation
test1860,validation
test155,validation
test1759,validation
test3059,validation
test2376,validation
test486,validation
test1447,validation
test1763,validation
test2105,validation
test1688,validation
test1385,validation
test878,validation
test253,validation
test2897,validation
test2620,validation
test1240,validation
test1935,validation
test3017,validation
test2237,validation
test2835,validation
test2236,validation
test1488,validation
test1011,validation
test1530,validation
test3172,validation
test1300,validation
test391,validation
test1518,validation
test1649,validation
test699,validation
test1619,validation
test738,validation
test935,validation
test2120,validation
test2719,validation
test347,validation
test2639,validation
test1623,validation
test2334,validation
test2306,validation
test1881,validation
test1599,validation
test2360,validation
test1612,validation
test2432,validation
test1120,validation
test1065,validation
test103,validation
test2563,validation
test2213,validation
test1660,validation
test689,validation
test977,validation
test2463,validation
test3273,validation
test1809,validation
test871,validation
test3222,validation
test394,validation
test678,validation
test2403,validation
test3259,validation
test1826,validation
test742,validation
test1779,validation
test199,validation
test1525,validation
test1966,validation
test985,validation
test162,validation
test948,validation
test3224,validation
test1839,validation
test3048,validation
test3065,validation
test2175,validation
test3105,validation
test3136,validation
test1359,validation
test1478,validation
test2890,validation
test2960,validation
test1034,validation
test343,validation
test135,validation
test41,validation
test1420,validation
test1250,validation
test136,validation
test2215,validation
test3006,validation
test2136,validation
test2863,validation
test686,validation
test2425,validation
test651,validation
test2866,validation
test3115,validation
test774,validation
test2814,validation
test2503,validation
test2845,validation
test3239,validation
test462,validation
test787,validation
test2693,validation
test2748,validation
test1795,validation
test127,validation
test1544,validation
test813,validation
test1259,validation
test2750,validation
test718,validation
test2802,validation
test598,validation
test895,validation
test478,validation
test27,validation
test561,validation
test3249,validation
test1706,validation
test1411,validation
test3213,validation
test564,validation
test3426,validation
test3042,validation
test1615,validation
test353,validation
test809,validation
test1306,validation
test890,validation
test2805,validation
test1459,validation
test467,validation
test991,validation
test2991,validation
test111,validation
test1129,validation
test1553,validation
test3130,validation
test424,validation
test1277,validation
test705,validation
test1024,validation
test3250,validation
test2922,validation
test1409,validation
test2300,validation
test2346,validation
test3233,validation
test1264,validation
test1737,validation
test2947,validation
test319,validation
test1363,validation
test445,validation
test1796,validation
test664,validation
test304,validation
test2143,validation
test1477,validation
test1798,validation
test2390,validation
test528,validation
test2071,validation
test2451,validation
test1865,validation
test3021,validation
test2839,validation
test1393,validation
test520,validation
test1603,validation
test2061,validation
test2868,validation
test321,validation
test2583,validation
test3226,validation
test1876,validation
test1687,validation
test499,validation
test1408,validation
test1380,validation
test3107,validation
test1400,validation
test2714,validation
test3027,validation
test1819,validation
test1122,validation
test53,validation
test3144,validation
test982,validation
test118,validation
test1462,validation
test2649,validation
test3333,validation
test905,validation
test2497,validation
test2331,validation
test2467,validation
test2257,validation
test1141,validation
test1677,validation
test415,validation
test784,validation
test3163,validation
test1815,validation
test1768,validation
test56,validation
test550,validation
test684,validation
test2608,validation
test1852,validation
test26,validation
test1998,validation
test331,validation
test3287,validation
test1200,validation
test2671,validation
test369,validation
test2489,validation
test1219,validation
test2622,validation
test633,validation
test3332,validation
test885,validation
test246,validation
test1155,validation
test3091,validation
test1354,validation
test1908,validation
test1489,validation
test402,validation
test2509,validation
test2943,validation
test2652,validation
test530,validation
test3440,validation
test713,validation
test407,validation
test2650,validation
test2641,validation
test267,validation
test1932,validation
test1436,validation
test884,validation
test1538,validation
test2153,validation
test966,validation
test3402,validation
test547,validation
test1633,validation
test1184,validation
test1279,validation
test1785,validation
test276,validation
test1675,validation
test3318,validation
test3350,validation
test2865,validation
test3304,validation
test2303,validation
test2028,validation
test3393,validation
test2690,validation
test2779,validation
test65,validation
test987,validation
test2619,validation
test62,validation
test519,validation
test498,validation
test1094,validation
test1135,validation
test1997,validation
test1284,validation
test86,validation
test978,validation
test453,validation
test312,validation
test2372,validation
test2152,validation
test3432,validation
test2655,validation
test534,validation
test2003,validation
test1356,validation
test3164,validation
test2404,validation
test3291,validation
test2263,validation
test811,validation
test2523,validation
test1516,validation
test2624,validation
test1005,validation
test395,validation
test3005,validation
test2370,validation
test1407,validation
test2168,validation
test1739,validation
test2539,validation
test242,validation
test1937,validation
test1511,validation
test6,validation
test3175,validation
test1863,validation
test3361,validation
test2132,validation
test546,validation
test2874,validation
test2756,validation
test3329,validation
test766,validation
test799,validation
test2986,validation
test2940,validation
test1912,validation
test1096,validation
test710,validation
test1734,validation
test1576,validation
test179,validation
test2419,validation
test1980,validation
test3305,validation
test2907,validation
test719,validation
test1835,validation
test288,validation
test3207,validation
test1871,validation
test1606,validation
test1890,validation
test760,validation
test2929,validation
test996,validation
test2197,validation
test3216,validation
test1791,validation
test2892,validation
test2246,validation
test1946,validation
test1258,validation
test1263,validation
test1771,validation
test644,validation
test1048,validation
test2683,validation
test2298,validation
test2154,validation
test1479,validation
test512,validation
test2491,validation
test3126,validation
test206,validation
test1858,validation
test2359,validation
test2355,validation
test1758,validation
test2203,validation
test383,validation
test3079,validation
test883,validation
test1825,validation
test2441,validation
test3380,validation
test1296,validation
test2579,validation
test1989,validation
test3341,validation
test1736,validation
test837,validation
test925,validation
test2384,validation
test3297,validation
test338,validation
test3112,validation
test1999,validation
test1828,validation
test149,validation
test3409,validation
test3013,validation
test1150,validation
test2565,validation
test1938,validation
test2647,validation
test2754,validation
test37,validation
test2470,validation
test2733,validation
test3328,validation
test1592,validation
test2030,validation
test701,validation
test2122,validation
test2846,validation
test1285,validation
test3230,validation
test77,validation
test565,validation
test1760,validation
test2234,validation
test1160,validation
test16,validation
test3308,validation
test2712,validation
test748,validation
test2468,validation
test942,validation
test293,validation
test1976,validation
test1390,validation
test500,validation
test469,validation
test916,validation
test1026,validation
test264,validation
test2379,validation
test2810,validation
test876,validation
test723,validation
test2459,validation
test2347,validation
test1656,validation
test3410,validation
test1684,validation
test2688,validation
test3295,validation
test1032,validation
test2850,validation
test2769,validation
test3375,validation
test349,validation
test1106,validation
test2364,validation
test2937,validation
test2333,validation
test1419,validation
test2053,validation
test2532,validation
test1136,validation
test3290,validation
test583,validation
test2096,validation
test1849,validation
test2486,validation
test1020,validation
test1634,validation
test1088,validation
test802,validation
test1067,validation
test1651,validation
test1171,validation
test2796,validation
test2989,validation
test2873,validation
test1439,validation
test2546,validation
test1239,validation
test431,validation
test2149,validation
test2115,validation
test3232,validation
test712,validation
test2277,validation
test2516,validation
test1425,validation
test1846,validation
test2160,validation
test1670,validation
test947,validation
test2771,validation
test1299,validation
test1963,validation
test460,validation
test3235,validation
test268,validation
test810,validation
test740,validation
test1181,validation
test2965,validation
test1441,validation
test3381,validation
test3316,validation
test423,validation
test1877,validation
test2296,validation
test1891,validation
test1588,validation
test2881,validation
test2857,validation
test998,validation
test2169,validation
test1595,validation
test410,validation
test2664,validation
test981,validation
test1985,validation
test2098,validation
test2522,validation
test823,validation
test44,validation
test3406,validation
test489,validation
test316,validation
test2402,validation
test1007,validation
test2507,validation
test1565,validation
test212,validation
test1487,validation
test1982,validation
test673,validation
test326,validation
test91,validation
test2150,validation
test2109,validation
test1884,validation
test215,validation
test1227,validation
test1540,validation
test1950,validation
test846,validation
test250,validation
test3064,validation
test1836,validation
test2738,validation
test2879,validation
test616,validation
test931,validation
test1778,validation
test737,validation
test342,validation
test1867,validation
test2548,validation
test1628,validation
test3155,validation
test1428,validation
test292,validation
test3057,validation
test3140,validation
test152,validation
test2975,validation
test272,validation
test1509,validation
test463,validation
test441,validation
test2770,validation
test1095,validation
test3421,validation
test471,validation
test1793,validation
test2703,validation
test295,validation
test1698,validation
test2554,validation
test1031,validation
test3195,validation
test1885,validation
test958,validation
test1983,validation
test3009,validation
test356,validation
test232,validation
test1502,validation
test274,validation
test3127,validation
test1560,validation
test2686,validation
test632,validation
test780,validation
test1194,validation
test455,validation
test2777,validation
test896,validation
test2679,validation
test184,validation
test815,validation
test1600,validation
test997,validation
test1325,validation
test378,validation
test581,validation
test2024,validation
test536,validation
test2742,validation
test1641,validation
test1918,validation
test2763,validation
test87,validation
test3202,validation
test1579,validation
test355,validation
test1404,validation
test2460,validation
test1233,validation
test2275,validation
test1940,validation
test2549,validation
test1745,validation
test580,validation
test1029,validation
test1358,validation
test3157,validation
test1218,validation
test1906,validation
test635,validation
test3357,validation
test1804,validation
test2677,validation
test3092,validation
test123,validation
test1910,validation
test552,validation
test1927,validation
test2159,validation
test2946,validation
test2380,validation
test3405,validation
test94,validation
test1996,validation
test1366,validation
test198,validation
test2636,validation
test452,validation
test2582,validation
test1186,validation
test2205,validation
test2254,validation
test3016,validation
test1494,validation
test2676,validation
test3251,validation
test2746,validation
test197,validation
test2222,validation
test2896,validation
test663,validation
test0,validation
test1347,validation
test1042,validation
test1977,validation
test1886,validation
test841,validation
test2701,validation
test2822,validation
test3070,validation
test2958,validation
test2661,validation
test1472,validation
test2119,validation
test3142,validation
test2035,validation
test504,validation
test173,validation
test3132,validation
test1229,validation
test2245,validation
test2520,validation
test1312,validation
test2485,validation
test202,validation
test1614,validation
test819,validation
test2039,validation
test361,validation
test1124,validation
test2072,validation
test2552,validation
test1769,validation
test3293,validation
test952,validation
test674,validation
test1260,validation
test880,validation
test2123,validation
test3151,validation
test3034,validation
test1112,validation
test3046,validation
test1097,validation
test2801,validation
test2540,validation
test3243,validation
test2074,validation
test946,validation
test1351,validation
test1893,validation
test443,validation
test2288,validation
test1430,validation
test1339,validation
test2638,validation
test798,validation
test971,validation
test1062,validation
test614,validation
test3284,validation
test3376,validation
test2342,validation
test1335,validation
test2223,validation
test2918,validation
test439,validation
test1973,validation
test808,validation
test776,validation
test1610,validation
test1241,validation
test3200,validation
test2179,validation
test540,validation
test2976,validation
test1272,validation
test2341,validation
test495,validation
test3413,validation
test2133,validation
test425,validation
test1693,validation
test928,validation
test3196,validation
test1093,validation
test2313,validation
test496,validation
test1529,validation
test82,validation
test2905,validation
test2585,validation
test379,validation
test2817,validation
test3102,validation
test1303,validation
test2886,validation
test1965,validation
test2833,validation
test2653,validation
test80,validation
test670,validation
test2760,validation
test2713,validation
test964,validation
test855,validation
test1491,validation
test2628,validation
test2708,validation
test1217,validation
test984,validation
test92,validation
test203,validation
test3029,validation
test51,validation
test736,validation
test1397,validation
test1960,validation
test1841,validation
test1557,validation
test1666,validation
test856,validation
test1016,validation
test2617,validation
test1461,validation
test1177,validation
test680,validation
test2584,validation
test3199,validation
test1608,validation
test336,validation
test1038,validation
test2311,validation
test2576,validation
test750,validation
test1581,validation
test3245,validation
test3106,validation
test2094,validation
test3116,validation
test3424,validation
test3001,validation
test2968,validation
test157,validation
test660,validation
test2678,validation
test58,validation
test2789,validation
test1587,validation
test1364,validation
test2397,validation
test308,validation
test1991,validation
test2057,validation
test1078,validation
test2366,validation
test350,validation
test1568,validation
test3054,validation
test164,validation
test1244,validation
test2488,validation
test262,validation
test2189,validation
test2329,validation
test853,validation
test2672,validation
test2824,validation
test1230,validation
test1102,validation
test1091,validation
test1725,validation
test667,validation
test3209,validation
test3296,validation
test3435,validation
test3178,validation
test1577,validation
test1276,validation
test1495,validation
test93,validation
test2433,validation
test938,validation
test934,validation
test3198,validation
test258,validation
test3428,validation
test2295,validation
test2386,validation
test345,validation
test3044,validation
test1204,validation
test1481,validation
test2500,validation
test2438,validation
test3203,validation
test2581,validation
test1037,validation
test1970,validation
test2453,validation
test3327,validation
test1480,validation
test2812,validation
test1022,validation
test3090,validation
test2949,validation
test3149,validation
test3447,validation
test1897,validation
test2542,validation
test3007,validation
test1470,validation
test1269,validation
test1395,validation
test1967,validation
test1051,validation
test2942,validation
test3173,validation
test2121,validation
test1063,validation
test2125,validation
test2735,validation
test3036,validation
test2374,validation
test1014,validation
test1189,validation
test1391,validation
test1282,validation
test1089,validation
test2226,validation
test2983,validation
test1749,validation
test194,validation
test1800,validation
test2176,validation
test1707,validation
test1944,validation
test2711,validation
test2935,validation
test3139,validation
test1570,validation
test265,validation
test1539,validation
test1716,validation
test340,validation
test1433,validation
test1727,validation
test2177,validation
test2614,validation
test648,validation
test1533,validation
test1728,validation
test1753,validation
test1637,validation
test12,validation
test2916,validation
test2826,validation
test865,validation
test2461,validation
test1169,validation
test2906,validation
test1513,validation
test1869,validation
test2229,validation
test1617,validation
test1330,validation
test1349,validation
test615,validation
test2140,validation
test2914,validation
test888,validation
test2893,validation
test2871,validation
test833,validation
test374,validation
test1748,validation
test3411,validation
test1618,validation
test2561,validation
test1389,validation
test919,validation
test537,validation
test2505,validation
test2022,validation
test2864,validation
test1782,validation
test354,validation
test2665,validation
test986,validation
test2240,validation
test2310,validation
test1955,validation
test2515,validation
test1331,validation
test3071,validation
test477,validation
test656,validation
test3158,validation
test1594,validation
test607,validation
test1313,validation
test1645,validation
test1201,validation
test2722,validation
test480,validation
test1440,validation
test729,validation
test2434,validation
test2442,validation
test2206,validation
test759,validation
test693,validation
test513,validation
test541,validation
test2794,validation
test19,validation
test1690,validation
test2065,validation
test9,validation
test2651,validation
test973,validation
test2744,validation
test1741,validation
test2266,validation
test1680,validation
test2335,validation
test2027,validation
test2982,validation
test3345,validation
test3081,validation
test2128,validation
test1162,validation
test1332,validation
test2273,validation
test2700,validation
test2038,validation
test657,validation
test3325,validation
test2090,validation
test151,validation
test3431,validation
test1268,validation
test1271,validation
test3392,validation
test932,validation
test1992,validation
test2783,validation
test3082,validation
test414,validation
test2764,validation
test662,validation
test2803,validation
test2157,validation
test42,validation
test3277,validation
test1899,validation
test18,validation
test535,validation
test2172,validation
test3285,validation
test3398,validation
test1681,validation
test532,validation
test2979,validation
test1143,validation
test582,validation
test1371,validation
test2819,validation
test1197,validation
test1647,validation
test754,validation
test1840,validation
test408,validation
test1685,validation
test569,validation
test102,validation
test3002,validation
test2821,validation
test1023,validation
test3074,validation
test96,validation
test2717,validation
test168,validation
test1199,validation
test2597,validation
test1572,validation
test681,validation
test1708,validation
test1762,validation
test492,validation
test160,validation
test1508,validation
test2265,validation
test114,validation
test3418,validation
test2543,validation
test2928,validation
test3292,validation
test2444,validation
test1115,validation
test849,validation
test139,validation
test458,validation
test2530,validation
test506,validation
test2248,validation
test2604,validation
test3225,validation
test1512,validation
test2199,validation
test2231,validation
test2602,validation
test1697,validation
test2020,validation
test2930,validation
test3388,validation
test2600,validation
test2411,validation
test3073,validation
test3055,validation
test115,validation
test2682,validation
test2130,validation
test60,validation
test409,validation
test1873,validation
test1987,validation
test1415,validation
test1822,validation
test1132,validation
test3030,validation
test3010,validation
test1949,validation
test70,validation
test1030,validation
test724,validation
test1369,validation
test597,validation
test1928,validation
test45,validation
test240,validation
test17,validation
test2007,validation
test877,validation
test1814,validation
test2800,validation
test2008,validation
test323,validation
test650,validation
test2239,validation
test1931,validation
test481,validation
test3189,validation
test1602,validation
test390,validation
test771,validation
test172,validation
test236,validation
test130,validation
test1642,validation
test3012,validation
test2537,validation
test2052,validation
test727,validation
test2518,validation
test1452,validation
test3309,validation
test1324,validation
test1113,validation
test619,validation
test138,validation
test1308,validation
test2780,validation
test3272,validation
test459,validation
test3450,validation
test1607,validation
test2095,validation
test2076,validation
test2305,validation
test1175,validation
test29,validation
test566,validation
test3359,validation
test2431,validation
test1866,validation
test968,validation
test2926,validation
test35,validation
test2981,validation
test2055,validation
test2635,validation
test2861,validation
test2685,validation
test2314,validation
test912,validation
test1724,validation
test2325,validation
test2534,validation
test303,validation
test3355,validation
test1524,validation
test1653,validation
test1159,validation
test2183,validation
test3229,validation
test183,validation
test2993,validation
test2786,validation
test2521,validation
test609,validation
test2595,validation
test2538,validation
test3270,validation
test3028,validation
test2961,validation
test2416,validation
test2753,validation
test3294,validation
test2632,validation
test313,validation
test2348,validation
test3063,validation
test2493,validation
test2375,validation
test2593,validation
test24,validation
test3197,validation
test1701,validation
test1328,validation
test474,validation
test2870,validation
test1073,validation
test908,validation
test283,validation
test2437,validation
test951,validation
test2406,validation
test1776,validation
test254,validation
test857,validation
test2560,validation
test299,validation
test1215,validation
test1564,validation
test3182,validation
test560,validation
test2312,validation
test1611,validation
test1077,validation
test665,validation
test3033,validation
test2345,validation
test144,validation
test909,validation
test779,validation
test69,validation
test2533,validation
test1179,validation
test1598,validation
test1287,validation
test2569,validation
test3330,validation
test1954,validation
test2699,validation
test1546,validation
test1545,validation
test2481,validation
test63,validation
test2145,validation
test3160,validation
test2421,validation
test2164,validation
test1410,validation
test284,validation
test2659,validation
test1880,validation
test1655,validation
test756,validation
test1722,validation
test768,validation
test844,validation
test3407,validation
test1222,validation
test473,validation
test1355,validation
test3417,validation
test594,validation
test1676,validation
test2640,validation
test2156,validation
test1541,validation
test2042,validation
test763,validation
test2357,validation
test2599,validation
test1501,validation
test2956,validation
test2912,validation
test1017,validation
test2848,validation
test2490,validation
test3367,validation
test3078,validation
test3394,validation
test3109,validation
test834,validation
test2336,validation
test706,validation
test3263,validation
test3433,validation
test1374,validation
test2230,validation
test1379,validation
test638,validation
test858,validation
test2592,validation
test219,validation
test1298,validation
test2784,validation
test618,validation
test3344,validation
test2232,validation
test551,validation
test2044,validation
test2068,validation
test1789,validation
test3191,validation
test2681,validation
test1620,validation
test2950,validation
test765,validation
test1128,validation
test1413,validation
test74,validation
test1720,validation
test1255,validation
test553,validation
test1531,validation
test2017,validation
test2151,validation
test2927,validation
test897,validation
test3427,validation
test1573,validation
test359,validation
test2129,validation
test939,validation
test1959,validation
test1665,validation
test1499,validation
test2487,validation
test300,validation
test1211,validation
test2737,validation
test503,validation
test2302,validation
test2859,validation
test328,validation
test2134,validation
test2594,validation
test972,validation
test1990,validation
test525,validation
test2517,validation
test2501,validation
test679,validation
test2925,validation
test2216,validation
test1058,validation
test694,validation
test1286,validation
test1842,validation
test516,validation
test1755,validation
test1767,validation
test1774,validation
test88,validation
test1188,validation
test1703,validation
test2010,validation
test2452,validation
test448,validation
test1003,validation
test2721,validation
test3437,validation
test73,validation
test591,validation
test57,validation
test193,validation
test132,validation
test1392,validation
test2492,validation
test622,validation
test281,validation
test182,validation
test2511,validation
test576,validation
test596,validation
test1125,validation
test2795,validation
test3385,validation
test47,validation
test2200,validation
test839,validation
test1399,validation
test2332,validation
test360,validation
test921,validation
test2060,validation
test1773,validation
test625,validation
test2258,validation
test3430,validation
test2834,validation
test2476,validation
test2625,validation
test3170,validation
test133,validation
test3401,validation
test1454,validation
test882,validation
test1154,validation
test1010,validation
test1900,validation
test870,validation
test11,validation
test2443,validation
test2204,validation
test22,validation
test790,validation
test1055,validation
test3371,validation
test2054,validation
test1225,validation
test3443,validation
test2088,validation
test804,validation
test2900,validation
test2063,validation
test812,validation
test1498,validation
test920,validation
test2957,validation
test3056,validation
test2224,validation
test1,validation
test1305,validation
test1838,validation
test830,validation
test814,validation
test1586,validation
test140,validation
test1696,validation
test2051,validation
test2250,validation
test1372,validation
test507,validation
test3110,validation
test1483,validation
test1569,validation
test436,validation
test1604,validation
test1921,validation
test1367,validation
test376,validation
test913,validation
test306,validation
test196,validation
test903,validation
test380,validation
test3253,validation
test3045,validation
test953,validation
test879,validation
test601,validation
test862,validation
test847,validation
test346,validation
test1730,validation
test1704,validation
test574,validation
test634,validation
test2249,validation
test933,validation
test2924,validation
test1334,validation
test3051,validation
test726,validation
test645,validation
test3035,validation
test1731,validation
test251,validation
test1657,validation
test3086,validation
test50,validation
test1482,validation
test2016,validation
test3227,validation
test2692,validation
test1123,validation
test3366,validation
test2974,validation
test2557,validation
test1185,validation
test2080,validation
test235,validation
test3121,validation
test2880,validation
test2369,validation
test1520,validation
test1898,validation
test357,validation
test1953,validation
test401,validation
test630,validation
test2188,validation
test3358,validation
test524,validation
test2208,validation
test2056,validation
test322,validation
test1847,validation
test3281,validation
test1274,validation
test392,validation
test2660,validation
test2287,validation
test2396,validation
test1293,validation
test2872,validation
test3129,validation
test3087,validation
test2724,validation
test3026,validation
test2297,validation
test2910,validation
test592,validation
test631,validation
test3101,validation
test2589,validation
test3353,validation
test988,validation
test3150,validation
test3119,validation
test1817,validation
test1049,validation
test2558,validation
test1278,validation
test398,validation
test3434,validation
test188,validation
test929,validation
test3377,validation
test785,validation
test2326,validation
test1238,validation
test3311,validation
test1732,validation
test2324,validation
test1465,validation
test2082,validation
test20,validation
test2774,validation
test2580,validation
test1663,validation
test2644,validation
test3283,validation
test255,validation
test1994,validation
test285,validation
test682,validation
test2045,validation
test3396,validation
test873,validation
test67,validation
test1829,validation
test8,validation
test3153,validation
test3446,validation
test2550,validation
test3037,validation
test2967,validation
test2352,validation
test384,validation
test1580,validation
test3038,validation
test2069,validation
test1761,validation
test1792,validation
test311,validation
test1210,validation
test297,validation
test261,validation
test2818,validation
test573,validation
test1182,validation
test2180,validation
